SET FOREIGN_KEY_CHECKS = 0;

INSERT INTO `ls_goods` (`id`, `category_id`, `skill_id`, `open_city_id`, `type`, `name`, `remarks`, `label`, `image`, `status`, `sort`, `content`, `sku_type`, `min_price`, `max_price`, `min_line_price`, `max_line_price`, `sale_num`, `virtual_sale_num`, `appoint_start_time`, `appoint_end_time`, `earnings_ratio`, `create_time`, `update_time`, `delete_time`) VALUES (1, 3, '1,2,3,4', NULL, 1, '日常保洁', '', '每周一次｜省心又洁净', 'uploads/images/20241105/20241105101938f16084271.jpg', 1, 0, '<p><img src=\"https://php-smjz-demo.yixiangonline.com/uploads/images/20241105/20241105103130744325190.jpg\" alt=\"\" data-href=\"\" style=\"\"/><img src=\"https://php-smjz-demo.yixiangonline.com/uploads/images/20241105/202411051031307f6e16651.jpg\" alt=\"\" data-href=\"\" style=\"\"/></p>', 0, 0.10, 0.10, 0.00, 0.00, 0, 1000, 9, 24, 60.00, 1730774200, 1730779553, NULL);

INSERT INTO `ls_goods` (`id`, `category_id`, `skill_id`, `open_city_id`, `type`, `name`, `remarks`, `label`, `image`, `status`, `sort`, `content`, `sku_type`, `min_price`, `max_price`, `min_line_price`, `max_line_price`, `sale_num`, `virtual_sale_num`, `appoint_start_time`, `appoint_end_time`, `earnings_ratio`, `create_time`, `update_time`, `delete_time`) VALUES (2, 3, '1,2,3,4', NULL, 1, '深度保洁', '', '死角缝隙｜除尘除垢', 'uploads/images/20241105/20241105101938ab5bd8518.jpg', 1, 0, '<p><img src=\"https://php-smjz-demo.yixiangonline.com/uploads/images/20241105/202411051031307f6e16651.jpg\" alt=\"\" data-href=\"\" style=\"\"/><img src=\"https://php-smjz-demo.yixiangonline.com/uploads/images/20241105/20241105103130744325190.jpg\" alt=\"\" data-href=\"\" style=\"\"/></p>', 1, 0.10, 0.10, 0.00, 0.00, 0, 1000, 10, 22, 60.00, 1730774575, 1730780043, NULL);

INSERT INTO `ls_goods` (`id`, `category_id`, `skill_id`, `open_city_id`, `type`, `name`, `remarks`, `label`, `image`, `status`, `sort`, `content`, `sku_type`, `min_price`, `max_price`, `min_line_price`, `max_line_price`, `sale_num`, `virtual_sale_num`, `appoint_start_time`, `appoint_end_time`, `earnings_ratio`, `create_time`, `update_time`, `delete_time`) VALUES (3, 3, '1', '[440100]', 1, '广州专属项目', '', '专属项目｜仅广州市可见', 'uploads/images/20241105/20241105101938803282621.jpg', 1, 0, '<p><img src=\"https://php-smjz-demo.yixiangonline.com/uploads/images/20241105/202411051048109be058046.png\" alt=\"\" data-href=\"\" style=\"\"/><img src=\"https://php-smjz-demo.yixiangonline.com/uploads/images/20241105/20241105103130c7edc2517.jpg\" alt=\"\" data-href=\"\" style=\"\"/></p>', 0, 10.00, 10.00, 0.00, 0.00, 0, 1000, 9, 22, 60.00, 1730775903, 1730775903, NULL);

INSERT INTO `ls_goods` (`id`, `category_id`, `skill_id`, `open_city_id`, `type`, `name`, `remarks`, `label`, `image`, `status`, `sort`, `content`, `sku_type`, `min_price`, `max_price`, `min_line_price`, `max_line_price`, `sale_num`, `virtual_sale_num`, `appoint_start_time`, `appoint_end_time`, `earnings_ratio`, `create_time`, `update_time`, `delete_time`) VALUES (4, 3, '1', NULL, 1, '全屋大扫除', '', '高温消毒｜精细大扫除', 'uploads/images/20241105/202411051019384fe489599.jpg', 1, 0, '<p><img src=\"https://php-smjz-demo.yixiangonline.com/uploads/images/20241105/20241105103130e45402139.jpg\" alt=\"\" data-href=\"\" style=\"\"/><img src=\"https://php-smjz-demo.yixiangonline.com/uploads/images/20241105/20241105103130c7edc2517.jpg\" alt=\"\" data-href=\"\" style=\"\"/></p>', 0, 350.00, 350.00, 0.00, 0.00, 0, 1000, 8, 24, 60.00, 1730777829, 1730777829, NULL);

INSERT INTO `ls_goods` (`id`, `category_id`, `skill_id`, `open_city_id`, `type`, `name`, `remarks`, `label`, `image`, `status`, `sort`, `content`, `sku_type`, `min_price`, `max_price`, `min_line_price`, `max_line_price`, `sale_num`, `virtual_sale_num`, `appoint_start_time`, `appoint_end_time`, `earnings_ratio`, `create_time`, `update_time`, `delete_time`) VALUES (5, 4, '1', NULL, 1, '租房入住保洁', '', '全屋除尘消毒｜一次全搞定', 'uploads/images/20241105/202411051019381a8d97928.jpg', 1, 0, '<p><img src=\"https://php-smjz-demo.yixiangonline.com/uploads/images/20241105/20241105103130744325190.jpg\" alt=\"\" data-href=\"\" style=\"\"/><img src=\"https://php-smjz-demo.yixiangonline.com/uploads/images/20241105/20241105103130e45402139.jpg\" alt=\"\" data-href=\"\" style=\"\"/></p>', 0, 200.00, 200.00, 0.00, 0.00, 0, 1000, 7, 24, 60.00, 1730777989, 1730778719, NULL);

INSERT INTO `ls_goods` (`id`, `category_id`, `skill_id`, `open_city_id`, `type`, `name`, `remarks`, `label`, `image`, `status`, `sort`, `content`, `sku_type`, `min_price`, `max_price`, `min_line_price`, `max_line_price`, `sale_num`, `virtual_sale_num`, `appoint_start_time`, `appoint_end_time`, `earnings_ratio`, `create_time`, `update_time`, `delete_time`) VALUES (6, 5, '1', NULL, 1, '商铺保洁', '', '新店开业保洁｜厨房深度清洁', 'uploads/images/20241105/20241105101938d3b229614.jpg', 1, 0, '<p><img src=\"https://php-smjz-demo.yixiangonline.com/uploads/images/20241105/202411051031307f6e16651.jpg\" alt=\"\" data-href=\"\" style=\"\"/><img src=\"https://php-smjz-demo.yixiangonline.com/uploads/images/20241105/20241105103130e45402139.jpg\" alt=\"\" data-href=\"\" style=\"\"/></p>', 0, 300.00, 300.00, 0.00, 0.00, 0, 1000, 6, 24, 60.00, 1730778205, 1730778233, NULL);

INSERT INTO `ls_goods` (`id`, `category_id`, `skill_id`, `open_city_id`, `type`, `name`, `remarks`, `label`, `image`, `status`, `sort`, `content`, `sku_type`, `min_price`, `max_price`, `min_line_price`, `max_line_price`, `sale_num`, `virtual_sale_num`, `appoint_start_time`, `appoint_end_time`, `earnings_ratio`, `create_time`, `update_time`, `delete_time`) VALUES (7, 4, '1', NULL, 1, '租房退租保洁', '', '细节清洁到位｜包验收', 'uploads/images/20241105/202411051019388d8639754.jpg', 1, 0, '<p><img src=\"https://php-smjz-demo.yixiangonline.com/uploads/images/20241105/20241105103130e45402139.jpg\" alt=\"\" data-href=\"\" style=\"\"/><img src=\"https://php-smjz-demo.yixiangonline.com/uploads/images/20241105/20241105103130a1e2a9425.jpg\" alt=\"\" data-href=\"\" style=\"\"/></p>', 0, 200.00, 200.00, 0.00, 0.00, 0, 1000, 6, 24, 60.00, 1730778332, 1730778712, NULL);

INSERT INTO `ls_goods` (`id`, `category_id`, `skill_id`, `open_city_id`, `type`, `name`, `remarks`, `label`, `image`, `status`, `sort`, `content`, `sku_type`, `min_price`, `max_price`, `min_line_price`, `max_line_price`, `sale_num`, `virtual_sale_num`, `appoint_start_time`, `appoint_end_time`, `earnings_ratio`, `create_time`, `update_time`, `delete_time`) VALUES (8, 5, '1', NULL, 1, '擦玻璃', '', '双面擦窗｜玻璃内外透亮', 'uploads/images/20241105/20241105101938fd32c2685.jpg', 1, 0, '<p><img src=\"https://php-smjz-demo.yixiangonline.com/uploads/images/20241105/202411051153448abfd2986.jpg\" alt=\"\" data-href=\"\" style=\"\"/></p><p><img src=\"https://php-smjz-demo.yixiangonline.com/uploads/images/20241105/202411051031307f6e16651.jpg\" alt=\"\" data-href=\"\" style=\"\"/></p>', 1, 149.00, 249.00, 0.00, 0.00, 0, 1000, 7, 24, 60.00, 1730778862, 1730782021, NULL);

INSERT INTO `ls_goods` (`id`, `category_id`, `skill_id`, `open_city_id`, `type`, `name`, `remarks`, `label`, `image`, `status`, `sort`, `content`, `sku_type`, `min_price`, `max_price`, `min_line_price`, `max_line_price`, `sale_num`, `virtual_sale_num`, `appoint_start_time`, `appoint_end_time`, `earnings_ratio`, `create_time`, `update_time`, `delete_time`) VALUES (9, 5, '1', NULL, 1, '做饭钟点工', '', '家常饭菜烹饪｜厨房餐厅保洁', 'uploads/images/20241105/20241105101938803282621.jpg', 1, 0, '<p><img src=\"https://php-smjz-demo.yixiangonline.com/uploads/images/20241105/20241105103130c7edc2517.jpg\" alt=\"\" data-href=\"\" style=\"\"/><img src=\"https://php-smjz-demo.yixiangonline.com/uploads/images/20241105/20241105103130e45402139.jpg\" alt=\"\" data-href=\"\" style=\"\"/></p>', 0, 66.18, 66.18, 0.00, 0.00, 0, 1000, 10, 21, 60.00, 1730779063, 1730779063, NULL);

INSERT INTO `ls_goods` (`id`, `category_id`, `skill_id`, `open_city_id`, `type`, `name`, `remarks`, `label`, `image`, `status`, `sort`, `content`, `sku_type`, `min_price`, `max_price`, `min_line_price`, `max_line_price`, `sale_num`, `virtual_sale_num`, `appoint_start_time`, `appoint_end_time`, `earnings_ratio`, `create_time`, `update_time`, `delete_time`) VALUES (10, 7, '2', NULL, 1, '空调加氟', '', '专业加氟｜快速搞定', 'uploads/images/20241105/20241105101938ab5bd8518.jpg', 1, 0, '<p><img src=\"https://php-smjz-demo.yixiangonline.com/uploads/images/20241105/202411051031307f6e16651.jpg\" alt=\"\" data-href=\"\" style=\"\"/><img src=\"https://php-smjz-demo.yixiangonline.com/uploads/images/20241105/20241105103130744325190.jpg\" alt=\"\" data-href=\"\" style=\"\"/></p>', 0, 68.00, 68.00, 0.00, 0.00, 0, 1000, 9, 24, 60.00, 1730779229, 1730779229, NULL);

INSERT INTO `ls_goods` (`id`, `category_id`, `skill_id`, `open_city_id`, `type`, `name`, `remarks`, `label`, `image`, `status`, `sort`, `content`, `sku_type`, `min_price`, `max_price`, `min_line_price`, `max_line_price`, `sale_num`, `virtual_sale_num`, `appoint_start_time`, `appoint_end_time`, `earnings_ratio`, `create_time`, `update_time`, `delete_time`) VALUES (11, 7, '2', NULL, 1, '空调移机安装', '', '服务专业｜安全放心', 'uploads/images/20241105/20241105101938fd32c2685.jpg', 1, 0, '<p><img src=\"https://php-smjz-demo.yixiangonline.com/uploads/images/20241105/20241105103130a1e2a9425.jpg\" alt=\"\" data-href=\"\" style=\"\"/><img src=\"https://php-smjz-demo.yixiangonline.com/uploads/images/20241105/202411051031307f6e16651.jpg\" alt=\"\" data-href=\"\" style=\"\"/></p>', 0, 80.00, 80.00, 0.00, 0.00, 0, 1000, 10, 24, 60.00, 1730779300, 1730779300, NULL);

INSERT INTO `ls_goods` (`id`, `category_id`, `skill_id`, `open_city_id`, `type`, `name`, `remarks`, `label`, `image`, `status`, `sort`, `content`, `sku_type`, `min_price`, `max_price`, `min_line_price`, `max_line_price`, `sale_num`, `virtual_sale_num`, `appoint_start_time`, `appoint_end_time`, `earnings_ratio`, `create_time`, `update_time`, `delete_time`) VALUES (12, 9, '3', NULL, 1, '地漏/浴缸疏通', '', '随叫随到｜专业疏通', 'uploads/images/20241105/20241105101938fd32c2685.jpg', 1, 0, '<p><img src=\"https://php-smjz-demo.yixiangonline.com/uploads/images/20241105/20241105103130a1e2a9425.jpg\" alt=\"\" data-href=\"\" style=\"\"/><img src=\"https://php-smjz-demo.yixiangonline.com/uploads/images/20241105/20241105103130744325190.jpg\" alt=\"\" data-href=\"\" style=\"\"/></p>', 0, 99.00, 99.00, 0.00, 0.00, 0, 1000, 9, 24, 60.00, 1730779521, 1730779521, NULL);

INSERT INTO `ls_goods` (`id`, `category_id`, `skill_id`, `open_city_id`, `type`, `name`, `remarks`, `label`, `image`, `status`, `sort`, `content`, `sku_type`, `min_price`, `max_price`, `min_line_price`, `max_line_price`, `sale_num`, `virtual_sale_num`, `appoint_start_time`, `appoint_end_time`, `earnings_ratio`, `create_time`, `update_time`, `delete_time`) VALUES (13, 9, '3', NULL, 1, '马桶/蹲便/小便池疏通', '', '高效疏通｜清淤排污', 'uploads/images/20241105/202411051019388d8639754.jpg', 1, 0, '<p><img src=\"https://php-smjz-demo.yixiangonline.com/uploads/images/20241105/20241105103130c7edc2517.jpg\" alt=\"\" data-href=\"\" style=\"\"/><img src=\"https://php-smjz-demo.yixiangonline.com/uploads/images/20241105/20241105103130e45402139.jpg\" alt=\"\" data-href=\"\" style=\"\"/></p>', 0, 128.00, 128.00, 0.00, 0.00, 0, 1000, 6, 24, 60.00, 1730779656, 1730779656, NULL);

INSERT INTO `ls_goods` (`id`, `category_id`, `skill_id`, `open_city_id`, `type`, `name`, `remarks`, `label`, `image`, `status`, `sort`, `content`, `sku_type`, `min_price`, `max_price`, `min_line_price`, `max_line_price`, `sale_num`, `virtual_sale_num`, `appoint_start_time`, `appoint_end_time`, `earnings_ratio`, `create_time`, `update_time`, `delete_time`) VALUES (14, 11, '4', NULL, 1, '电脑维修', '', '报价标准｜检测精准', 'uploads/images/20241105/20241105101938ab5bd8518.jpg', 1, 0, '<p><img src=\"https://php-smjz-demo.yixiangonline.com/uploads/images/20241105/202411051031307f6e16651.jpg\" alt=\"\" data-href=\"\" style=\"\"/><img src=\"https://php-smjz-demo.yixiangonline.com/uploads/images/20241105/20241105103130a1e2a9425.jpg\" alt=\"\" data-href=\"\" style=\"\"/></p>', 0, 9.90, 9.90, 0.00, 0.00, 0, 1000, 10, 24, 60.00, 1730779848, 1730789278, NULL);

INSERT INTO `ls_goods` (`id`, `category_id`, `skill_id`, `open_city_id`, `type`, `name`, `remarks`, `label`, `image`, `status`, `sort`, `content`, `sku_type`, `min_price`, `max_price`, `min_line_price`, `max_line_price`, `sale_num`, `virtual_sale_num`, `appoint_start_time`, `appoint_end_time`, `earnings_ratio`, `create_time`, `update_time`, `delete_time`) VALUES (15, 11, '4', NULL, 1, '平板电脑/iPad维修', '', '报价全｜售后有保障', 'uploads/images/20241105/20241105101938803282621.jpg', 1, 0, '<p><img src=\"https://php-smjz-demo.yixiangonline.com/uploads/images/20241105/20241105103130c7edc2517.jpg\" alt=\"\" data-href=\"\" style=\"\"/><img src=\"https://php-smjz-demo.yixiangonline.com/uploads/images/20241105/20241105103130e45402139.jpg\" alt=\"\" data-href=\"\" style=\"\"/></p>', 0, 9.90, 9.90, 0.00, 0.00, 0, 1000, 10, 24, 60.00, 1730779924, 1730779934, NULL);

INSERT INTO `ls_goods` (`id`, `category_id`, `skill_id`, `open_city_id`, `type`, `name`, `remarks`, `label`, `image`, `status`, `sort`, `content`, `sku_type`, `min_price`, `max_price`, `min_line_price`, `max_line_price`, `sale_num`, `virtual_sale_num`, `appoint_start_time`, `appoint_end_time`, `earnings_ratio`, `create_time`, `update_time`, `delete_time`) VALUES (16, 12, '4', NULL, 1, '换屏幕', '', '旧屏回收｜标准报价', 'uploads/images/20241105/20241105101938fd32c2685.jpg', 1, 0, '<p><img src=\"https://php-smjz-demo.yixiangonline.com/uploads/images/20241105/20241105103130c7edc2517.jpg\" alt=\"\" data-href=\"\" style=\"\"/><img src=\"https://php-smjz-demo.yixiangonline.com/uploads/images/20241105/20241105103130e45402139.jpg\" alt=\"\" data-href=\"\" style=\"\"/></p>', 1, 60.00, 80.00, 0.00, 0.00, 0, 1000, 12, 24, 60.00, 1730780155, 1730781902, NULL);

INSERT INTO `ls_goods` (`id`, `category_id`, `skill_id`, `open_city_id`, `type`, `name`, `remarks`, `label`, `image`, `status`, `sort`, `content`, `sku_type`, `min_price`, `max_price`, `min_line_price`, `max_line_price`, `sale_num`, `virtual_sale_num`, `appoint_start_time`, `appoint_end_time`, `earnings_ratio`, `create_time`, `update_time`, `delete_time`) VALUES (17, 12, '4', NULL, 1, '更换电池', '', '支持不同型号｜均可更换', 'uploads/images/20241105/20241105101938d3b229614.jpg', 1, 0, '<p><img src=\"https://php-smjz-demo.yixiangonline.com/uploads/images/20241105/202411051153441201c5727.jpg\" alt=\"\" data-href=\"\" style=\"\"/><img src=\"https://php-smjz-demo.yixiangonline.com/uploads/images/20241105/20241105115344e173e5908.jpg\" alt=\"\" data-href=\"\" style=\"\"/></p>', 1, 66.00, 66.00, 0.00, 0.00, 0, 1000, 6, 24, 60.00, 1730780249, 1730781866, NULL);

INSERT INTO `ls_goods` (`id`, `category_id`, `skill_id`, `open_city_id`, `type`, `name`, `remarks`, `label`, `image`, `status`, `sort`, `content`, `sku_type`, `min_price`, `max_price`, `min_line_price`, `max_line_price`, `sale_num`, `virtual_sale_num`, `appoint_start_time`, `appoint_end_time`, `earnings_ratio`, `create_time`, `update_time`, `delete_time`) VALUES (18, 5, '1', NULL, 1, '厨卫深度保洁', '', '高温消毒｜祛除水垢｜去油去污', 'uploads/images/20241105/20241105101938fd32c2685.jpg', 1, 0, '<p><img src=\"https://php-smjz-demo.yixiangonline.com/uploads/images/20241105/20241105115344e173e5908.jpg\" alt=\"\" data-href=\"\" style=\"\"/><img src=\"https://php-smjz-demo.yixiangonline.com/uploads/images/20241105/2024110511534438b285010.jpg\" alt=\"\" data-href=\"\" style=\"\"/></p>', 1, 249.00, 357.00, 0.00, 0.00, 0, 1000, 10, 24, 60.00, 1730781744, 1730781744, NULL);

INSERT INTO `ls_goods_additional` (`id`, `goods_id`, `name`, `price`, `duration`, `status`, `create_time`, `update_time`, `delete_time`) VALUES (1, 1, '洗衣服', 0.10, 30, 1, 1730774259, 1730775790, NULL);

INSERT INTO `ls_goods_additional` (`id`, `goods_id`, `name`, `price`, `duration`, `status`, `create_time`, `update_time`, `delete_time`) VALUES (2, 1, '洗凳子', 0.10, 30, 1, 1730774276, 1730775795, NULL);

INSERT INTO `ls_goods_additional` (`id`, `goods_id`, `name`, `price`, `duration`, `status`, `create_time`, `update_time`, `delete_time`) VALUES (3, 2, '清洗沙发', 10.00, 30, 1, 1730779966, 1730779966, NULL);

INSERT INTO `ls_goods_additional` (`id`, `goods_id`, `name`, `price`, `duration`, `status`, `create_time`, `update_time`, `delete_time`) VALUES (4, 2, '清洗冰箱', 60.00, 60, 1, 1730779977, 1730779977, NULL);

INSERT INTO `ls_goods_additional` (`id`, `goods_id`, `name`, `price`, `duration`, `status`, `create_time`, `update_time`, `delete_time`) VALUES (5, 3, '客厅保洁', 80.00, 60, 1, 1730780008, 1730780008, NULL);

INSERT INTO `ls_goods_additional` (`id`, `goods_id`, `name`, `price`, `duration`, `status`, `create_time`, `update_time`, `delete_time`) VALUES (6, 3, '地面保洁', 60.00, 30, 1, 1730780018, 1730780018, NULL);

INSERT INTO `ls_goods_category` (`id`, `name`, `pid`, `level`, `image`, `sort`, `is_show`, `is_recommend`, `create_time`, `update_time`, `delete_time`) VALUES (1, '当季热门', 0, 1, 'uploads/images/20241105/20241105101938fd32c2685.jpg', 0, 1, 0, 1730773083, 1730773185, NULL);

INSERT INTO `ls_goods_category` (`id`, `name`, `pid`, `level`, `image`, `sort`, `is_show`, `is_recommend`, `create_time`, `update_time`, `delete_time`) VALUES (2, '家庭清洁', 0, 1, 'uploads/images/20241105/202411051019388d8639754.jpg', 0, 1, 0, 1730773232, 1730773232, NULL);

INSERT INTO `ls_goods_category` (`id`, `name`, `pid`, `level`, `image`, `sort`, `is_show`, `is_recommend`, `create_time`, `update_time`, `delete_time`) VALUES (3, '呵护全家', 1, 2, 'uploads/images/20241105/20241105101938d3b229614.jpg', 0, 1, 0, 1730773410, 1730773410, NULL);

INSERT INTO `ls_goods_category` (`id`, `name`, `pid`, `level`, `image`, `sort`, `is_show`, `is_recommend`, `create_time`, `update_time`, `delete_time`) VALUES (4, '探索到家', 2, 2, 'uploads/images/20241105/202411051019381a8d97928.jpg', 0, 1, 0, 1730773452, 1730773452, NULL);

INSERT INTO `ls_goods_category` (`id`, `name`, `pid`, `level`, `image`, `sort`, `is_show`, `is_recommend`, `create_time`, `update_time`, `delete_time`) VALUES (5, '专项服务', 2, 2, 'uploads/images/20241105/20241105101938803282621.jpg', 0, 1, 0, 1730773491, 1730773491, NULL);

INSERT INTO `ls_goods_category` (`id`, `name`, `pid`, `level`, `image`, `sort`, `is_show`, `is_recommend`, `create_time`, `update_time`, `delete_time`) VALUES (6, '家电维修', 0, 1, 'uploads/images/20241105/202411051019381a8d97928.jpg', 0, 1, 0, 1730779101, 1730779101, NULL);

INSERT INTO `ls_goods_category` (`id`, `name`, `pid`, `level`, `image`, `sort`, `is_show`, `is_recommend`, `create_time`, `update_time`, `delete_time`) VALUES (7, '居室家电', 6, 2, 'uploads/images/20241105/20241105101938d3b229614.jpg', 0, 1, 0, 1730779119, 1730779119, NULL);

INSERT INTO `ls_goods_category` (`id`, `name`, `pid`, `level`, `image`, `sort`, `is_show`, `is_recommend`, `create_time`, `update_time`, `delete_time`) VALUES (8, '管道疏通', 0, 1, 'uploads/images/20241105/20241105101938803282621.jpg', 0, 1, 0, 1730779333, 1730779333, NULL);

INSERT INTO `ls_goods_category` (`id`, `name`, `pid`, `level`, `image`, `sort`, `is_show`, `is_recommend`, `create_time`, `update_time`, `delete_time`) VALUES (9, '疏通管道', 8, 2, 'uploads/images/20241105/202411051019381a8d97928.jpg', 0, 1, 0, 1730779396, 1730779406, NULL);

INSERT INTO `ls_goods_category` (`id`, `name`, `pid`, `level`, `image`, `sort`, `is_show`, `is_recommend`, `create_time`, `update_time`, `delete_time`) VALUES (10, '数码维修', 0, 1, 'uploads/images/20241105/20241105101938ab5bd8518.jpg', 0, 1, 0, 1730779700, 1730779700, NULL);

INSERT INTO `ls_goods_category` (`id`, `name`, `pid`, `level`, `image`, `sort`, `is_show`, `is_recommend`, `create_time`, `update_time`, `delete_time`) VALUES (11, '电脑', 10, 2, 'uploads/images/20241105/202411051019381a8d97928.jpg', 0, 1, 0, 1730779711, 1730779711, NULL);

INSERT INTO `ls_goods_category` (`id`, `name`, `pid`, `level`, `image`, `sort`, `is_show`, `is_recommend`, `create_time`, `update_time`, `delete_time`) VALUES (12, '手机', 10, 2, 'uploads/images/20241105/20241105101938d3b229614.jpg', 0, 1, 0, 1730779730, 1730779765, NULL);

INSERT INTO `ls_goods_image` (`id`, `goods_id`, `uri`) VALUES (5, 3, 'uploads/images/20241105/20241105101938803282621.jpg');

INSERT INTO `ls_goods_image` (`id`, `goods_id`, `uri`) VALUES (6, 4, 'uploads/images/20241105/202411051019384fe489599.jpg');

INSERT INTO `ls_goods_image` (`id`, `goods_id`, `uri`) VALUES (9, 6, 'uploads/images/20241105/20241105101938d3b229614.jpg');

INSERT INTO `ls_goods_image` (`id`, `goods_id`, `uri`) VALUES (13, 7, 'uploads/images/20241105/202411051019388d8639754.jpg');

INSERT INTO `ls_goods_image` (`id`, `goods_id`, `uri`) VALUES (14, 5, 'uploads/images/20241105/202411051019381a8d97928.jpg');

INSERT INTO `ls_goods_image` (`id`, `goods_id`, `uri`) VALUES (16, 9, 'uploads/images/20241105/20241105101938803282621.jpg');

INSERT INTO `ls_goods_image` (`id`, `goods_id`, `uri`) VALUES (17, 10, 'uploads/images/20241105/20241105101938ab5bd8518.jpg');

INSERT INTO `ls_goods_image` (`id`, `goods_id`, `uri`) VALUES (18, 11, 'uploads/images/20241105/20241105101938fd32c2685.jpg');

INSERT INTO `ls_goods_image` (`id`, `goods_id`, `uri`) VALUES (19, 12, 'uploads/images/20241105/20241105101938fd32c2685.jpg');

INSERT INTO `ls_goods_image` (`id`, `goods_id`, `uri`) VALUES (20, 1, 'uploads/images/20241105/20241105101938f16084271.jpg');

INSERT INTO `ls_goods_image` (`id`, `goods_id`, `uri`) VALUES (22, 13, 'uploads/images/20241105/202411051019388d8639754.jpg');

INSERT INTO `ls_goods_image` (`id`, `goods_id`, `uri`) VALUES (25, 15, 'uploads/images/20241105/20241105101938803282621.jpg');

INSERT INTO `ls_goods_image` (`id`, `goods_id`, `uri`) VALUES (26, 2, 'uploads/images/20241105/20241105101938ab5bd8518.jpg');

INSERT INTO `ls_goods_image` (`id`, `goods_id`, `uri`) VALUES (29, 18, 'uploads/images/20241105/20241105101938fd32c2685.jpg');

INSERT INTO `ls_goods_image` (`id`, `goods_id`, `uri`) VALUES (30, 17, 'uploads/images/20241105/20241105101938d3b229614.jpg');

INSERT INTO `ls_goods_image` (`id`, `goods_id`, `uri`) VALUES (31, 16, 'uploads/images/20241105/20241105101938fd32c2685.jpg');

INSERT INTO `ls_goods_image` (`id`, `goods_id`, `uri`) VALUES (32, 8, 'uploads/images/20241105/20241105101938fd32c2685.jpg');

INSERT INTO `ls_goods_image` (`id`, `goods_id`, `uri`) VALUES (33, 14, 'uploads/images/20241105/20241105101938ab5bd8518.jpg');

INSERT INTO `ls_goods_sku` (`id`, `goods_id`, `sku_value_ids`, `sku_value_arr`, `price`, `line_price`, `duration`) VALUES (1, 1, '[]', '[\"\\u9ed8\\u8ba4\"]', 0.10, 0.00, 60);

INSERT INTO `ls_goods_sku` (`id`, `goods_id`, `sku_value_ids`, `sku_value_arr`, `price`, `line_price`, `duration`) VALUES (4, 3, '[]', '[\"\\u9ed8\\u8ba4\"]', 10.00, 0.00, 30);

INSERT INTO `ls_goods_sku` (`id`, `goods_id`, `sku_value_ids`, `sku_value_arr`, `price`, `line_price`, `duration`) VALUES (5, 4, '[]', '[\"\\u9ed8\\u8ba4\"]', 350.00, 0.00, 240);

INSERT INTO `ls_goods_sku` (`id`, `goods_id`, `sku_value_ids`, `sku_value_arr`, `price`, `line_price`, `duration`) VALUES (6, 5, '[]', '[\"\\u9ed8\\u8ba4\"]', 200.00, 0.00, 60);

INSERT INTO `ls_goods_sku` (`id`, `goods_id`, `sku_value_ids`, `sku_value_arr`, `price`, `line_price`, `duration`) VALUES (7, 6, '[]', '[\"\\u9ed8\\u8ba4\"]', 300.00, 0.00, 60);

INSERT INTO `ls_goods_sku` (`id`, `goods_id`, `sku_value_ids`, `sku_value_arr`, `price`, `line_price`, `duration`) VALUES (8, 7, '[]', '[\"\\u9ed8\\u8ba4\"]', 200.00, 0.00, 60);

INSERT INTO `ls_goods_sku` (`id`, `goods_id`, `sku_value_ids`, `sku_value_arr`, `price`, `line_price`, `duration`) VALUES (10, 9, '[]', '[\"\\u9ed8\\u8ba4\"]', 66.18, 0.00, 60);

INSERT INTO `ls_goods_sku` (`id`, `goods_id`, `sku_value_ids`, `sku_value_arr`, `price`, `line_price`, `duration`) VALUES (11, 10, '[]', '[\"\\u9ed8\\u8ba4\"]', 68.00, 0.00, 60);

INSERT INTO `ls_goods_sku` (`id`, `goods_id`, `sku_value_ids`, `sku_value_arr`, `price`, `line_price`, `duration`) VALUES (12, 11, '[]', '[\"\\u9ed8\\u8ba4\"]', 80.00, 0.00, 60);

INSERT INTO `ls_goods_sku` (`id`, `goods_id`, `sku_value_ids`, `sku_value_arr`, `price`, `line_price`, `duration`) VALUES (13, 12, '[]', '[\"\\u9ed8\\u8ba4\"]', 99.00, 0.00, 60);

INSERT INTO `ls_goods_sku` (`id`, `goods_id`, `sku_value_ids`, `sku_value_arr`, `price`, `line_price`, `duration`) VALUES (15, 13, '[]', '[\"\\u9ed8\\u8ba4\"]', 128.00, 0.00, 60);

INSERT INTO `ls_goods_sku` (`id`, `goods_id`, `sku_value_ids`, `sku_value_arr`, `price`, `line_price`, `duration`) VALUES (16, 14, '[]', '[\"\\u9ed8\\u8ba4\"]', 9.90, 0.00, 30);

INSERT INTO `ls_goods_sku` (`id`, `goods_id`, `sku_value_ids`, `sku_value_arr`, `price`, `line_price`, `duration`) VALUES (17, 15, '[]', '[\"\\u9ed8\\u8ba4\"]', 9.90, 0.00, 60);

INSERT INTO `ls_goods_sku` (`id`, `goods_id`, `sku_value_ids`, `sku_value_arr`, `price`, `line_price`, `duration`) VALUES (18, 2, '[\"4\"]', '[\"\\u6df1\\u5ea6\\u4fdd\\u6d011\\u5c0f\\u65f6\"]', 0.10, 0.00, 60);

INSERT INTO `ls_goods_sku` (`id`, `goods_id`, `sku_value_ids`, `sku_value_arr`, `price`, `line_price`, `duration`) VALUES (23, 18, '[\"8\"]', '[\"\\u53a8\\u623f\\u6df1\\u5ea6\\u4fdd\\u6d01\"]', 357.00, 0.00, 60);

INSERT INTO `ls_goods_sku` (`id`, `goods_id`, `sku_value_ids`, `sku_value_arr`, `price`, `line_price`, `duration`) VALUES (24, 18, '[\"9\"]', '[\"\\u536b\\u751f\\u95f4\\u6df1\\u5ea6\\u4fdd\\u6d01\"]', 249.00, 0.00, 60);

INSERT INTO `ls_goods_sku` (`id`, `goods_id`, `sku_value_ids`, `sku_value_arr`, `price`, `line_price`, `duration`) VALUES (25, 17, '[\"10\"]', '[\"\\u82f9\\u679c\\u7535\\u6c60\"]', 66.00, 0.00, 30);

INSERT INTO `ls_goods_sku` (`id`, `goods_id`, `sku_value_ids`, `sku_value_arr`, `price`, `line_price`, `duration`) VALUES (26, 17, '[\"11\"]', '[\"\\u5b89\\u5353\\u7535\\u6c60\"]', 66.00, 0.00, 30);

INSERT INTO `ls_goods_sku` (`id`, `goods_id`, `sku_value_ids`, `sku_value_arr`, `price`, `line_price`, `duration`) VALUES (27, 17, '[\"12\"]', '[\"\\u5e73\\u677f\\u7535\\u6c60\"]', 66.00, 0.00, 30);

INSERT INTO `ls_goods_sku` (`id`, `goods_id`, `sku_value_ids`, `sku_value_arr`, `price`, `line_price`, `duration`) VALUES (28, 16, '[\"13\"]', '[\"\\u5b89\\u5353\\u5c4f\\u5e55\"]', 60.00, 0.00, 30);

INSERT INTO `ls_goods_sku` (`id`, `goods_id`, `sku_value_ids`, `sku_value_arr`, `price`, `line_price`, `duration`) VALUES (29, 16, '[\"14\"]', '[\"\\u82f9\\u679c\\u5c4f\\u5e55\"]', 60.00, 0.00, 30);

INSERT INTO `ls_goods_sku` (`id`, `goods_id`, `sku_value_ids`, `sku_value_arr`, `price`, `line_price`, `duration`) VALUES (30, 16, '[\"15\"]', '[\"\\u5e73\\u677f\\u5c4f\\u5e55\"]', 80.00, 0.00, 30);

INSERT INTO `ls_goods_sku` (`id`, `goods_id`, `sku_value_ids`, `sku_value_arr`, `price`, `line_price`, `duration`) VALUES (31, 8, '[\"16\"]', '[\"10\\u5e73\\u7c73\"]', 149.00, 0.00, 60);

INSERT INTO `ls_goods_sku` (`id`, `goods_id`, `sku_value_ids`, `sku_value_arr`, `price`, `line_price`, `duration`) VALUES (32, 8, '[\"17\"]', '[\"12\\u5e73\\u7c73\"]', 179.00, 0.00, 60);

INSERT INTO `ls_goods_sku` (`id`, `goods_id`, `sku_value_ids`, `sku_value_arr`, `price`, `line_price`, `duration`) VALUES (33, 8, '[\"18\"]', '[\"15\\u5e73\\u7c73\"]', 219.00, 0.00, 60);

INSERT INTO `ls_goods_sku` (`id`, `goods_id`, `sku_value_ids`, `sku_value_arr`, `price`, `line_price`, `duration`) VALUES (34, 8, '[\"19\"]', '[\"17\\u5e73\\u7c73\"]', 249.00, 0.00, 60);

INSERT INTO `ls_goods_sku_name` (`id`, `goods_id`, `name`) VALUES (4, 2, '项目');

INSERT INTO `ls_goods_sku_name` (`id`, `goods_id`, `name`) VALUES (6, 18, '项目');

INSERT INTO `ls_goods_sku_name` (`id`, `goods_id`, `name`) VALUES (7, 17, '项目');

INSERT INTO `ls_goods_sku_name` (`id`, `goods_id`, `name`) VALUES (8, 16, '项目');

INSERT INTO `ls_goods_sku_name` (`id`, `goods_id`, `name`) VALUES (9, 8, '面积');

INSERT INTO `ls_goods_sku_value` (`id`, `goods_id`, `sku_name_id`, `value`) VALUES (4, 2, 4, '深度保洁1小时');

INSERT INTO `ls_goods_sku_value` (`id`, `goods_id`, `sku_name_id`, `value`) VALUES (8, 18, 6, '厨房深度保洁');

INSERT INTO `ls_goods_sku_value` (`id`, `goods_id`, `sku_name_id`, `value`) VALUES (9, 18, 6, '卫生间深度保洁');

INSERT INTO `ls_goods_sku_value` (`id`, `goods_id`, `sku_name_id`, `value`) VALUES (10, 17, 7, '苹果电池');

INSERT INTO `ls_goods_sku_value` (`id`, `goods_id`, `sku_name_id`, `value`) VALUES (11, 17, 7, '安卓电池');

INSERT INTO `ls_goods_sku_value` (`id`, `goods_id`, `sku_name_id`, `value`) VALUES (12, 17, 7, '平板电池');

INSERT INTO `ls_goods_sku_value` (`id`, `goods_id`, `sku_name_id`, `value`) VALUES (13, 16, 8, '安卓屏幕');

INSERT INTO `ls_goods_sku_value` (`id`, `goods_id`, `sku_name_id`, `value`) VALUES (14, 16, 8, '苹果屏幕');

INSERT INTO `ls_goods_sku_value` (`id`, `goods_id`, `sku_name_id`, `value`) VALUES (15, 16, 8, '平板屏幕');

INSERT INTO `ls_goods_sku_value` (`id`, `goods_id`, `sku_name_id`, `value`) VALUES (16, 8, 9, '10平米');

INSERT INTO `ls_goods_sku_value` (`id`, `goods_id`, `sku_name_id`, `value`) VALUES (17, 8, 9, '12平米');

INSERT INTO `ls_goods_sku_value` (`id`, `goods_id`, `sku_name_id`, `value`) VALUES (18, 8, 9, '15平米');

INSERT INTO `ls_goods_sku_value` (`id`, `goods_id`, `sku_name_id`, `value`) VALUES (19, 8, 9, '17平米');

INSERT INTO `ls_hot_search` (`id`, `name`, `sort`, `create_time`) VALUES (1, '日常保洁', 0, 1730775501);

INSERT INTO `ls_hot_search` (`id`, `name`, `sort`, `create_time`) VALUES (2, '深度保洁', 0, 1730775501);

INSERT INTO `ls_hot_search` (`id`, `name`, `sort`, `create_time`) VALUES (3, '油烟机清洗', 0, 1730775501);

INSERT INTO `ls_hot_search` (`id`, `name`, `sort`, `create_time`) VALUES (4, '擦玻璃', 0, 1730775501);

INSERT INTO `ls_hot_search` (`id`, `name`, `sort`, `create_time`) VALUES (5, '管道疏通', 0, 1730775501);

INSERT INTO `ls_open_city` (`id`, `province_id`, `city_id`, `sort`, `create_time`, `update_time`, `delete_time`) VALUES (1, 110000, 110100, 0, 1730775026, 1730775026, NULL);

INSERT INTO `ls_open_city` (`id`, `province_id`, `city_id`, `sort`, `create_time`, `update_time`, `delete_time`) VALUES (2, 310000, 310100, 0, 1730775033, 1730775188, 1730775188);

INSERT INTO `ls_open_city` (`id`, `province_id`, `city_id`, `sort`, `create_time`, `update_time`, `delete_time`) VALUES (3, 440000, 440100, 0, 1730775039, 1730775186, 1730775186);

INSERT INTO `ls_open_city` (`id`, `province_id`, `city_id`, `sort`, `create_time`, `update_time`, `delete_time`) VALUES (4, 440000, 440300, 0, 1730775053, 1730775185, 1730775185);

INSERT INTO `ls_open_city` (`id`, `province_id`, `city_id`, `sort`, `create_time`, `update_time`, `delete_time`) VALUES (5, 510000, 510100, 0, 1730775060, 1730775116, 1730775116);

INSERT INTO `ls_open_city` (`id`, `province_id`, `city_id`, `sort`, `create_time`, `update_time`, `delete_time`) VALUES (6, 410000, 410100, 0, 1730775086, 1730775114, 1730775114);

INSERT INTO `ls_open_city` (`id`, `province_id`, `city_id`, `sort`, `create_time`, `update_time`, `delete_time`) VALUES (7, 440000, 440400, 0, 1730775104, 1730775113, 1730775113);

INSERT INTO `ls_open_city` (`id`, `province_id`, `city_id`, `sort`, `create_time`, `update_time`, `delete_time`) VALUES (8, 310000, 310100, 0, 1730775204, 1730775204, NULL);

INSERT INTO `ls_open_city` (`id`, `province_id`, `city_id`, `sort`, `create_time`, `update_time`, `delete_time`) VALUES (9, 440000, 440100, 0, 1730775209, 1730775209, NULL);

INSERT INTO `ls_open_city` (`id`, `province_id`, `city_id`, `sort`, `create_time`, `update_time`, `delete_time`) VALUES (10, 440000, 440600, 0, 1730775216, 1730775227, 1730775227);

INSERT INTO `ls_open_city` (`id`, `province_id`, `city_id`, `sort`, `create_time`, `update_time`, `delete_time`) VALUES (11, 440000, 440300, 0, 1730775235, 1730775235, NULL);

INSERT INTO `ls_open_city` (`id`, `province_id`, `city_id`, `sort`, `create_time`, `update_time`, `delete_time`) VALUES (12, 440000, 440400, 0, 1730775250, 1730775250, NULL);

INSERT INTO `ls_open_city` (`id`, `province_id`, `city_id`, `sort`, `create_time`, `update_time`, `delete_time`) VALUES (13, 440000, 442000, 0, 1730775259, 1730775259, NULL);

INSERT INTO `ls_open_city` (`id`, `province_id`, `city_id`, `sort`, `create_time`, `update_time`, `delete_time`) VALUES (14, 430000, 430100, 0, 1730775279, 1730775279, NULL);

INSERT INTO `ls_open_city` (`id`, `province_id`, `city_id`, `sort`, `create_time`, `update_time`, `delete_time`) VALUES (15, 430000, 430200, 0, 1730775284, 1730775284, NULL);

INSERT INTO `ls_open_city` (`id`, `province_id`, `city_id`, `sort`, `create_time`, `update_time`, `delete_time`) VALUES (16, 430000, 430400, 0, 1730775290, 1730775290, NULL);

INSERT INTO `ls_open_city` (`id`, `province_id`, `city_id`, `sort`, `create_time`, `update_time`, `delete_time`) VALUES (17, 430000, 430700, 0, 1730775303, 1730775303, NULL);

INSERT INTO `ls_open_city` (`id`, `province_id`, `city_id`, `sort`, `create_time`, `update_time`, `delete_time`) VALUES (18, 410000, 410500, 0, 1730775313, 1730775313, NULL);

INSERT INTO `ls_open_city` (`id`, `province_id`, `city_id`, `sort`, `create_time`, `update_time`, `delete_time`) VALUES (19, 410000, 410100, 0, 1730775320, 1730775320, NULL);

INSERT INTO `ls_open_city` (`id`, `province_id`, `city_id`, `sort`, `create_time`, `update_time`, `delete_time`) VALUES (20, 410000, 410200, 0, 1730775326, 1730775326, NULL);

INSERT INTO `ls_open_city` (`id`, `province_id`, `city_id`, `sort`, `create_time`, `update_time`, `delete_time`) VALUES (21, 360000, 360100, 0, 1730775332, 1730775332, NULL);

INSERT INTO `ls_open_city` (`id`, `province_id`, `city_id`, `sort`, `create_time`, `update_time`, `delete_time`) VALUES (22, 360000, 361100, 0, 1730775340, 1730775340, NULL);

INSERT INTO `ls_open_city` (`id`, `province_id`, `city_id`, `sort`, `create_time`, `update_time`, `delete_time`) VALUES (23, 320000, 320400, 0, 1730775349, 1730775349, NULL);

INSERT INTO `ls_open_city` (`id`, `province_id`, `city_id`, `sort`, `create_time`, `update_time`, `delete_time`) VALUES (24, 320000, 320500, 0, 1730775363, 1730775363, NULL);

INSERT INTO `ls_staff_deposit` (`id`, `name`, `amount`, `order_num`, `create_time`, `update_time`, `delete_time`) VALUES (1, '白银', 0.01, 1, 1730791934, 1730791934, NULL);

INSERT INTO `ls_staff_deposit` (`id`, `name`, `amount`, `order_num`, `create_time`, `update_time`, `delete_time`) VALUES (2, '黄金', 100.00, 3, 1730791944, 1730791944, NULL);

INSERT INTO `ls_staff_deposit` (`id`, `name`, `amount`, `order_num`, `create_time`, `update_time`, `delete_time`) VALUES (3, '铂金', 500.00, 5, 1730791952, 1730791952, NULL);

INSERT INTO `ls_staff_deposit` (`id`, `name`, `amount`, `order_num`, `create_time`, `update_time`, `delete_time`) VALUES (4, '钻石', 1000.00, 10, 1730791962, 1730791962, NULL);

INSERT INTO `ls_staff_skill` (`id`, `name`, `status`, `create_time`, `update_time`, `delete_time`) VALUES (1, '日常保洁', 1, 1730773531, 1730773553, NULL);

INSERT INTO `ls_staff_skill` (`id`, `name`, `status`, `create_time`, `update_time`, `delete_time`) VALUES (2, '家电维修', 1, 1730773534, 1730773559, NULL);

INSERT INTO `ls_staff_skill` (`id`, `name`, `status`, `create_time`, `update_time`, `delete_time`) VALUES (3, '管道疏通', 1, 1730773574, 1730773574, NULL);

INSERT INTO `ls_staff_skill` (`id`, `name`, `status`, `create_time`, `update_time`, `delete_time`) VALUES (4, '数码维修', 1, 1730773595, 1730773595, NULL);

SET FOREIGN_KEY_CHECKS = 1;